Topic,topic_size,Name,Representation,Representative_Docs,top_terms
0,23682,0_of_the_to_in,"['of', 'the', 'to', 'in', 'and', 'at', 'all', 'veterinary', '2nd', 'from']","['A dengue patient All Attempts At Artificial Cultivation Of Have As Yet Failed To Give cc. A dengue patient All Attempts At Artificial Cultivation Of Have As Yet Failed To Give cc. A dengue patient All Attempts At Artificial Cultivation Of Have As Yet Failed To Give cc. A dengue patient All Attempts At Artificial Cultivation Of Have As Yet Failed To Give cc. A dengue patient All Attempts At Artificial Cultivation Of Have As Yet Failed To Give cc. A dengue patient All Attempts At Artificial Cultivation Of Have As Yet Failed To Give cc. A dengue patient All Attempts At Artificial Cultivation Of Have As Yet Failed To Give cc. general Taken From fountain. general Taken From fountain.', 'K. K. Mazumdar 2nd Class After Years Service In The 3rd Class, Subject To Having 1st Class. 8 c.c.) doses Died On The 6th Day Peritonitis 1st Class. 8 c.c.) doses All Attempts At Artificial Cultivation Of Have As Yet Failed To Give public. 1st October Re-examined In July 3 c.c.) doses. two All Attempts At Artificial Cultivation Of Have As Yet Failed To Give private. 28 fatal All Attempts At Artificial Cultivation Of Have As Yet Failed To Give 1st Class. 28 fatal Casualties During The Year 1st Class.', '1st Class All Attempts At Artificial Cultivation Of Have As Yet Failed To Give 3 c.c.) doses.']","of, the, to, in, and, at, all, veterinary"
1,360,1_pargan_pies_pinna_peon,"['pargan', 'pies', 'pinna', 'peon', 'cut', 'cost', 'pie', 'peons', 'do', 'rs']","['pargan DUE TO THE FACT THAT pargan.', 'pargan Allowed To Die pargan. pargan Acted As Member Of subcutaneous. pargan Showed Binary fission Single or two parasites in a cell.', 'pargan 2s pargan.']","pargan, pies, pinna, peon, cut, cost, pie, peons"
2,286,2_departments_tb_standards_india,"['departments', 'tb', 'standards', 'india', 'sanitary', 'government', 'medical', 'of', 'and', 'the']","['A Y TB MEDICAL AND SANITARY DEPARTMENTS OF THE GOVERNMENT OF INDIA STANDARDS OF v - g.', 'N TB MEDICAL AND SANITARY DEPARTMENTS OF THE GOVERNMENT OF INDIA STANDARDS OF A Y.', 'A Y TB MEDICAL AND SANITARY DEPARTMENTS OF THE GOVERNMENT OF INDIA STANDARDS OF A Y. A Y TB MEDICAL AND SANITARY DEPARTMENTS OF THE GOVERNMENT OF INDIA STANDARDS OF A Y. A Y TB MEDICAL AND SANITARY DEPARTMENTS OF THE GOVERNMENT OF INDIA STANDARDS OF A Y. A Y TB MEDICAL AND SANITARY DEPARTMENTS OF THE GOVERNMENT OF INDIA STANDARDS OF A Y. A Y TB MEDICAL AND SANITARY DEPARTMENTS OF THE GOVERNMENT OF INDIA STANDARDS OF A Y. A Y TB MEDICAL AND SANITARY DEPARTMENTS OF THE GOVERNMENT OF INDIA STANDARDS OF A Y. A Y TB MEDICAL AND SANITARY DEPARTMENTS OF THE GOVERNMENT OF INDIA STANDARDS OF A Y. A Y TB MEDICAL AND SANITARY DEPARTMENTS OF THE GOVERNMENT OF INDIA STANDARDS OF A Y. A Y TB MEDICAL AND SANITARY DEPARTMENTS OF THE GOVERNMENT OF INDIA STANDARDS OF A Y. A Y TB MEDICAL AND SANITARY DEPARTMENTS OF THE GOVERNMENT OF INDIA STANDARDS OF A Y. A Y TB MEDICAL AND SANITARY DEPARTMENTS OF THE GOVERNMENT OF INDIA STANDARDS OF A Y. A Y TB MEDICAL AND SANITARY DEPARTMENTS OF THE GOVERNMENT OF INDIA STANDARDS OF A Y. A Y TB MEDICAL AND SANITARY DEPARTMENTS OF THE GOVERNMENT OF INDIA STANDARDS OF A Y. A Y TB MEDICAL AND SANITARY DEPARTMENTS OF THE GOVERNMENT OF INDIA STANDARDS OF A Y. A Y TB MEDICAL AND SANITARY DEPARTMENTS OF THE GOVERNMENT OF INDIA STANDARDS OF A Y. A Y TB MEDICAL AND SANITARY DEPARTMENTS OF THE GOVERNMENT OF INDIA STANDARDS OF A Y. A Y TB MEDICAL AND SANITARY DEPARTMENTS OF THE GOVERNMENT OF INDIA STANDARDS OF A Y. A Y TB MEDICAL AND SANITARY DEPARTMENTS OF THE GOVERNMENT OF INDIA STANDARDS OF A Y. A Y TB MEDICAL AND SANITARY DEPARTMENTS OF THE GOVERNMENT OF INDIA STANDARDS OF A Y. A Y TB MEDICAL AND SANITARY DEPARTMENTS OF THE GOVERNMENT OF INDIA STANDARDS OF A Y. A Y TB MEDICAL AND SANITARY DEPARTMENTS OF THE GOVERNMENT OF INDIA STANDARDS OF A Y. A Y TB MEDICAL AND SANITARY DEPARTMENTS OF THE GOVERNMENT OF INDIA STANDARDS OF A Y. A Y TB MEDICAL AND SANITARY DEPARTMENTS OF THE GOVERNMENT OF INDIA STANDARDS OF A Y. A Y TB MEDICAL AND SANITARY DEPARTMENTS OF THE GOVERNMENT OF INDIA STANDARDS OF A Y. A Y TB MEDICAL AND SANITARY DEPARTMENTS OF THE GOVERNMENT OF INDIA STANDARDS OF A Y.']","departments, tb, standards, india, sanitary, government, medical, of"
3,285,3_criminal_lunatics_lugols_tried,"['criminal', 'lunatics', 'lugols', 'tried', 'lachrama', 'asylum', 'discharged', 'admitted', 'mental', 'escaped']","['Criminal Lunatics Admitted During The Year general. Criminal Lunatics Aggregate Mortality Of general.', 'Criminal Lunatics General Appearance And Physique Of The Men Criminal Lunatics. Criminal Lunatics General Appearance And Physique Of The Men Criminal Lunatics. Criminal Lunatics Admissions-rate Per Of Strength Criminal Lunatics.', 'Criminal Lunatics Criminal Criminal Lunatics. Criminal Lunatics Criminal Criminal Lunatics.']","criminal, lunatics, lugols, tried, lachrama, asylum, discharged, admitted"
4,217,4_dispensary_abbotta_ba_me,"['dispensary', 'abbotta', 'ba', 'me', 'inspected', 'charge', 'opened', 'hospital', 'civil', 'by']","['Abbotta ba d dispensary 1st Class Vaccinators Abbotta ba d dispensary. Abbotta ba d dispensary 1st Class Vaccinators Abbotta ba d dispensary.', 'general At Abbotta ba d dispensary. general Patients At Abbotta ba d dispensary.', 'Abbotta ba d dispensary After Treatment Abbotta ba d dispensary. Abbotta ba d dispensary After Treatment Abbotta ba d dispensary.']","dispensary, abbotta, ba, me, inspected, charge, opened, hospital"
5,172,5_wool_4720_5158_shoulder,"['wool', '4720', '5158', 'shoulder', 'side', 'in', 'samples', 'the', 'bihar', 'analysis']","['disease Analysis Of Wool Samples (bihar 47.20μ in the side wool to 51.58μ in the shoulder wool. A plague hospital Analysis Of Wool Samples (bihar 47.20μ in the side wool to 51.58μ in the shoulder wool. A plague hospital Indian 47.20μ in the side wool to 51.58μ in the shoulder wool.', 'general Analysis Of Wool Samples (bihar 47.20μ in the side wool to 51.58μ in the shoulder wool. general Analysis Of Wool Samples (bihar 47.20μ in the side wool to 51.58μ in the shoulder wool. mixed hairy type Analysis Of Wool Samples (bihar blackquarter serum. 47.20μ in the side wool to 51.58μ in the shoulder wool Fibres Characteristic Of Each Parent May Be Found In Varying Proportions 47.20μ in the side wool to 51.58μ in the shoulder wool.', 'fibres Bad general. first progenies Show A Further Improvement In Fibre Characteristics general. samples Analysis Of Wool Samples (bihar 47.20μ in the side wool to 51.58μ in the shoulder wool. 47.20μ in the side wool to 51.58μ in the shoulder wool Measure On An Average From To Μ In Diameter microns. cc. sheep erythrocytes Analysis Of Wool Samples (bihar two.']","wool, 4720, 5158, shoulder, side, in, samples, the"
6,166,6_cold_bhutias_trade_come,"['cold', 'bhutias', 'trade', 'come', 'weather', 'down', 'to', 'in', 'abyssinia', 'the']","['A dengue patient After Bhutias come down to trade in the cold weather.', 'Bhutias come down to trade in the cold weather All Attempts At Artificial Cultivation Of Have As Yet Failed To Give Bhutias come down to trade in the cold weather.', 'Bhutias come down to trade in the cold weather Caused By Bhutias come down to trade in the cold weather. Bhutias come down to trade in the cold weather Caused By Bhutias come down to trade in the cold weather. Surra It Is Most Prevalent In of december.']","cold, bhutias, trade, come, weather, down, to, in"
7,144,7_generation_16th_assam_culture,"['generation', '16th', 'assam', 'culture', 'indian', 'charge', 'charges', 'das', 'patients', 'included']","['disease Indian 16th generation Assam culture. disease Indian 16th generation Assam culture. disease Indian 16th generation Assam culture.', '16th generation Assam culture Attendance d.', 'birbutia Eastern At Rs. Per Mensem 16th generation Assam culture. 16th generation Assam culture Contains 3 c.c.) doses. 16th generation Assam culture Embraces general. 16th generation Assam culture Stretches Along The Coast From Orissa to British Burma. 16th generation Assam culture Eastern At Rs. Per Mensem 16th generation Assam culture. 16th generation Assam culture Includes 4 fatal. 16th generation Assam culture Consists Of Chenab river. 16th generation Assam culture Best Yield 3 c.c.) doses.']","generation, 16th, assam, culture, indian, charge, charges, das"
8,129,8_general_excellent_absorption_includes,"['general', 'excellent', 'absorption', 'includes', 'epg', 'value', 'work', 'employment', 'after', 'good']","['general Class general.', 'general After general. general After general. general After general. general After general. general After general. general After general. general After general. general After general. general After general. general After general. general After general. general After general. general After general. general After general. general After general. general After general. general After general. general After general. general After general. Avitaminosis A Has Value general. Bheesties Has Value tined grubber.', 'general At general.']","general, excellent, absorption, includes, epg, value, work, employment"
9,122,9_66101_inmates_head_per,"['66101', 'inmates', 'head', 'per', 'jail', 'located', 'central', 'ajmer', 'cholera', 'of']","['66-10-1 per head of inmates Central Jail Located In ajmer.', '66-10-1 per head of inmates Central Jail Located In Ajmer. 66-10-1 per head of inmates Central Jail Located In Ajmer.', '66-10-1 per head of inmates Central Jail Located In 66-10-1 per head of inmates. 66-10-1 per head of inmates Central Jail Located In 66-10-1 per head of inmates. 66-10-1 per head of inmates Central Jail Located In 66-10-1 per head of inmates. 66-10-1 per head of inmates Central Jail Located In 66-10-1 per head of inmates. 66-10-1 per head of inmates Central Jail Located In 66-10-1 per head of inmates. 66-10-1 per head of inmates Central Jail Located In 66-10-1 per head of inmates. cerebrospinal meningitis Central Jail Located In cerebrospinal meningitis. 66-10-1 per head of inmates Lab_value 66-10-1 per head of inmates. Do. chronic . . . . . . Diarrhœa Central Jail Located In Do. chronic . . . . . . Diarrhœa.']","66101, inmates, head, per, jail, located, central, ajmer"
10,110,10_absent_ward_ft_health,"['absent', 'ward', 'ft', 'health', 'admitted', 'good', 'state', 'contour', 'discharged', 'admission']","['Absent After Absent. Absent After Absent. successful or per cent After general.', 'c At Absent.', 'Absent Has_value general.']","absent, ward, ft, health, admitted, good, state, contour"
11,106,11_oil_trial_bheesties_codliver,"['oil', 'trial', 'bheesties', 'codliver', 'iodide', 'potassium', 'growth', 'white', 'effect', 'fathom']","['oil Bad salt solution. oil Bad salt solution. oil Has Ether Extract Content Of general. oil And Grms Of Nitrogen Per Day Or And Grms oil. oil Has Crude Protein Content Similar To That Of oil.', 'oil Condition Much Improved Bheesties. oil Decrease W. L. oil Decrease Acidophilus organism. oil Source Of Produce Bheesties. oil Deteriorated Bheesties.', 'oil Absorb Bheesties. oil Absorb Bheesties. oil Absorb Bheesties. oil Absorb Bheesties. oil Effect Of Codliver Oil And Potassium Iodide On The Growth Of White oil. oil Effect Of Codliver Oil And Potassium Iodide On The Growth Of White oil. oil Effect Of Codliver Oil And Potassium Iodide On The Growth Of White oil. oil Effect Of Codliver Oil And Potassium Iodide On The Growth Of White oil. hydrogenation Effect Of Codliver Oil And Potassium Iodide On The Growth Of White oil. Bheesties Absorb Bheesties.']","oil, trial, bheesties, codliver, iodide, potassium, growth, white"
12,95,12_clothing_48s_stain_fleas,"['clothing', '48s', 'stain', 'fleas', 'available', 'gunny', 'tunic', 'is', 'burning', 'burying']","['48s clothing Destruction Of 48s clothing. 48s clothing Destruction Of 48s clothing. patients After Treatment A Medical Inspector. Admission and Discharge Book Out Of Which Autopsies were made on. Admission and Discharge Book Out Of Which discharged.', '48s clothing Above Ground Level 48s clothing. 48s clothing Above Ground Level 48s clothing. 48s clothing Above Ground Level 48s clothing. time of exposure necessary to destroy all the fleas Above Ground Level 48s clothing. fleas Destruction Of 48s clothing. fleas Action Of Strong Sunlight Upon 48s clothing. fleas Escaped African grass. 48s clothing Spread On Sand sand. 48s clothing Are Separated From It By A Space Through Which The Air Can 48s clothing.', '48s clothing Excellent 48s clothing. 48s clothing Excellent 48s clothing. weaving Casualties During The Year lachrama.']","clothing, 48s, stain, fleas, available, gunny, tunic, is"
13,89,13_fatal_cc_doses_two,"['fatal', 'cc', 'doses', 'two', 'berhampore', '6co', 'mortality', 'become', 'ensheathed', '1st']","['3 c.c.) doses All Under 4 fatal.', '4 fatal After Absent.', '4 fatal Administered 4 fatal.']","fatal, cc, doses, two, berhampore, 6co, mortality, become"
14,88,14_madras_presidency_mental_vaccination,"['madras', 'presidency', 'mental', 'vaccination', 'witnesses', 'hospitals', 'square', 'carinata', 'trimeresurus', 'adamanteus']","['madras Dispensary Vaccination In The madras.', 'madras Part Of madras presidency.', 'madras Anthrax madras.']","madras, presidency, mental, vaccination, witnesses, hospitals, square, carinata"
15,81,15_aqa_qi_ya_administered,"['aqa', 'qi', 'ya', 'administered', 'attendance', 'abyssinia', 'febrifuge', 'treatment', 'ox', 'solution']","['Aqa qi ya Complete Hæmolysis Aqa qi ya. Aqa qi ya Complete Hæmolysis Aqa qi ya. intravenous injection Diseases Of The Urinary And Generative System Aqa qi ya.', 'Abyssinia After Treatment Aqa qi ya. Abyssinia After Treatment Aqa qi ya. Abyssinia After Treatment Aqa qi ya. Abyssinia After Treatment Aqa qi ya. Abyssinia After Treatment Aqa qi ya. Abyssinia After Treatment Aqa qi ya. Abyssinia After Treatment Aqa qi ya. Abyssinia After Treatment Aqa qi ya. Abyssinia After Treatment Aqa qi ya. Abyssinia After Treatment Aqa qi ya. Abyssinia After Treatment Aqa qi ya. Abyssinia After Treatment Aqa qi ya. Abyssinia After Treatment Aqa qi ya. Abyssinia After Treatment Aqa qi ya. Abyssinia After Treatment Aqa qi ya. Abyssinia After Treatment Aqa qi ya. Abyssinia After Treatment Aqa qi ya. Abyssinia After Treatment Aqa qi ya. Abyssinia After Treatment Aqa qi ya. Abyssinia After Treatment Aqa qi ya. Abyssinia After Treatment Aqa qi ya. Abyssinia After Treatment Aqa qi ya. Abyssinia After Treatment Aqa qi ya. Abyssinia After Treatment Aqa qi ya. Abyssinia After Treatment Aqa qi ya. typhoid fever All Attempts At Artificial Cultivation Of Have As Yet Failed To Give Aqa qi ya. Abyssinia Best Yield Aqa qi ya.', 'Aqa qi ya Head Of Aqa qi ya.']","aqa, qi, ya, administered, attendance, abyssinia, febrifuge, treatment"
16,70,16_sampati_inhabitants_contains_almost,"['sampati', 'inhabitants', 'contains', 'almost', 'complete', 'treatment', 'tehl', 'shivapputa', 'seizures', 'cephalomyelitis']","['general On sampati.', 'sampati Disease general.', 'd Mixed_with sampati. d Mixed_with sampati. d Mixed_with sampati. v - g Addition To sampati.']","sampati, inhabitants, contains, almost, complete, treatment, tehl, shivapputa"
17,68,17_agrameerut_associated_parturition_with,"['agrameerut', 'associated', 'parturition', 'with', 'puerperal', 'old', 'lactation', 'ovary', 'year', 'eastern']","['Agra-Meerut Associated With year old. Agra-Meerut Associated With year old. Agra-Meerut Associated With year old. Agra-Meerut Associated With year old. Agra-Meerut Associated With year old. Agra-Meerut Associated With year old. Agra-Meerut Associated With year old. Agra-Meerut Associated With year old. Agra-Meerut Associated With year old. Agra-Meerut Associated With year old. Agra-Meerut Associated With year old. Agra-Meerut Associated With year old. Agra-Meerut Associated With year old. Agra-Meerut Associated With year old.', 'Agra-Meerut Associated With general. Agra-Meerut Associated With general. Agra-Meerut Associated With general. Agra-Meerut Associated With general. Agra-Meerut Associated With pargan. Agra-Meerut Associated With pargan. lachrama Associated With c. usional insanity Associated With general. usional insanity Associated With pargan.', 'Agra-Meerut Associated With C. L. ovary. Agra-Meerut Associated With C. L. ovary. Agra-Meerut Associated With C. L. ovary. Agra-Meerut Associated With C. L. ovary. Agra-Meerut Associated With C. L. ovary. Agra-Meerut Associated With C. L. ovary. Agra-Meerut Associated With C. L. ovary. Agra-Meerut Associated With C. L. ovary. Agra-Meerut Associated With C. L. ovary. Agra-Meerut Associated With C. L. ovary. Agra-Meerut Associated With C. L. ovary. Agra-Meerut Associated With C. L. ovary. Agra-Meerut Associated With C. L. ovary. Agra-Meerut Associated With C. L. ovary. Agra-Meerut Associated With C. L. ovary. Agra-Meerut Associated With C. L. ovary. Agra-Meerut Associated With parturition and lactation (puerperal. Agra-Meerut Associated With parturition and lactation (puerperal. Agra-Meerut Associated With parturition and lactation (puerperal. Agra-Meerut Associated With parturition and lactation (puerperal. Agra-Meerut Associated With parturition and lactation (puerperal. Agra-Meerut Associated With parturition and lactation (puerperal. Agra-Meerut Associated With parturition and lactation (puerperal. Agra-Meerut Associated With parturition and lactation (puerperal. Agra-Meerut Associated With parturition and lactation (puerperal. Agra-Meerut Associated With parturition and lactation (puerperal. Agra-Meerut Associated With parturition and lactation (puerperal. Agra-Meerut Associated With parturition and lactation (puerperal. Agra-Meerut Associated With parturition and lactation (puerperal. Agra-Meerut Associated With parturition and lactation (puerperal. Agra-Meerut Associated With parturition and lactation (puerperal.']","agrameerut, associated, parturition, with, puerperal, old, lactation, ovary"
18,65,18_camel_silladar_corp_54th,"['camel', 'silladar', 'corp', '54th', '61st', '57th', '62nd', '60th', '59th', '55th']","['54th, 55th, 56th and 57th Silladar Camel Corp, and the 59th, 60th, 61st and 62nd Grantee Camel Corps and Local Transport Bannu Investigation Officer 54th, 55th, 56th and 57th Silladar Camel Corp, and the 59th, 60th, 61st and 62nd Grantee Camel Corps and Local Transport Bannu.', 'surra After Treatment 54th, 55th, 56th and 57th Silladar Camel Corp, and the 59th, 60th, 61st and 62nd Grantee Camel Corps and Local Transport Bannu. 54th, 55th, 56th and 57th Silladar Camel Corp, and the 59th, 60th, 61st and 62nd Grantee Camel Corps and Local Transport Bannu Comparative Immunity Of surra. 54th, 55th, 56th and 57th Silladar Camel Corp, and the 59th, 60th, 61st and 62nd Grantee Camel Corps and Local Transport Bannu All Attempts At Artificial Cultivation Of Have As Yet Failed To Give 54th, 55th, 56th and 57th Silladar Camel Corp, and the 59th, 60th, 61st and 62nd Grantee Camel Corps and Local Transport Bannu. W. L Cases Of surra in horses at Muktesar laboratory. W. L Is The Subject Of Experimental Treatment By Means Of 54th, 55th, 56th and 57th Silladar Camel Corp, and the 59th, 60th, 61st and 62nd Grantee Camel Corps and Local Transport Bannu.', 'day After Treatment 54th, 55th, 56th and 57th Silladar Camel Corp, and the 59th, 60th, 61st and 62nd Grantee Camel Corps and Local Transport Bannu. day After Treatment 54th, 55th, 56th and 57th Silladar Camel Corp, and the 59th, 60th, 61st and 62nd Grantee Camel Corps and Local Transport Bannu. day After Treatment 54th, 55th, 56th and 57th Silladar Camel Corp, and the 59th, 60th, 61st and 62nd Grantee Camel Corps and Local Transport Bannu. day After Treatment 54th, 55th, 56th and 57th Silladar Camel Corp, and the 59th, 60th, 61st and 62nd Grantee Camel Corps and Local Transport Bannu. cured After Treatment 54th, 55th, 56th and 57th Silladar Camel Corp, and the 59th, 60th, 61st and 62nd Grantee Camel Corps and Local Transport Bannu.']","camel, silladar, corp, 54th, 61st, 57th, 62nd, 60th"
19,65,19_kamathlpura_nagpada_2nd_kattiawar,"['kamathlpura', 'nagpada', '2nd', 'kattiawar', 'bhang', 'jagheers', 'massala', 'under', 'after', 'comprising']","['2nd nagpada kamathlpura Progress Of The Disease Was Stopped 2nd nagpada kamathlpura. 2nd nagpada kamathlpura Negative In All Specimens 2nd nagpada kamathlpura. 2nd nagpada kamathlpura British India Steam Navigation Company Have Also Promised To Convey Horses From 2nd nagpada kamathlpura.', '2nd nagpada kamathlpura Received From 2nd nagpada kamathlpura.', 'A. ward At 2nd nagpada kamathlpura.']","kamathlpura, nagpada, 2nd, kattiawar, bhang, jagheers, massala, under"
20,54,20_zone_ceylon_dry_active,"['zone', 'ceylon', 'dry', 'active', 'dried', 'digested', 'when', 'days', 'of', 'consume']","['Dry Zone of Ceylon Rate Gained weight. Dry Zone of Ceylon Rate Gained weight. Dry Zone of Ceylon Changes In j.', 'Dry Zone of Ceylon Distribution Of Dry Zone of Ceylon.', 'Dry Zone of Ceylon Administered mouth disease. Dry Zone of Ceylon Effect On Dry Zone of Ceylon.']","zone, ceylon, dry, active, dried, digested, when, days"
21,51,21_cc_doses_2028_diameter,"['cc', 'doses', '2028', 'diameter', 'their', 'athletic', 'worth', 'club', '8a', '9d']","['two rupee Apparatus For Athletic Club Worth Rs Were Purchased During The Year 8 c.c.) doses. two rupee Apparatus For Athletic Club Worth Rs Were Purchased During The Year 8 c.c.) doses. two rupee Apparatus For Athletic Club Worth Rs Were Purchased During The Year 8 c.c.) doses. two rupee Apparatus For Athletic Club Worth Rs Were Purchased During The Year 8 c.c.) doses.', '8 c.c.) doses Apparatus For Athletic Club Worth Rs Were Purchased During The Year Agency Tracts.', 'Agency Tracts Apparatus For Athletic Club Worth Rs Were Purchased During The Year 8 c.c.) doses.']","cc, doses, 2028, diameter, their, athletic, worth, club"
22,50,22_leper_lepers_leprosy_leprous,"['leper', 'lepers', 'leprosy', 'leprous', 'parents', 'family', 'setarinae', 'brothers', 'sisters', 'connection']","['leprosy Leper lepers. leprosy Leper wives. leprosy No Connection Between Leprosy And family setarinae.', 'he Leper leper. wife Leper leper. family setarinae No Connection Between Leprosy And leper.', 'family setarinae Leper lepers. family setarinae Leper lepers. family setarinae Leper lepers. family setarinae Leper lepers. family setarinae Leper lepers.']","leper, lepers, leprosy, leprous, parents, family, setarinae, brothers"
23,45,23_agricultural_advisory_council_research,"['agricultural', 'advisory', 'council', 'research', 'imperial', 'board', 'of', 'allunion', 'applying', 'demonstration']","['Advisory Board of the Imperial Council of Agricultural Research Attendance pargan. Advisory Board of the Imperial Council of Agricultural Research Attendance pargan. herd of this breed Affects On The System Sooner Than cow. bar farms Apprentices nili bar. Advisory Board of the Imperial Council of Agricultural Research Attendance sampati. Advisory Board of the Imperial Council of Agricultural Research Attendance amritsar. Advisory Board of the Imperial Council of Agricultural Research Attendance lyallpur. Advisory Board of the Imperial Council of Agricultural Research Mr. Aitchison Was On Tour For Days pargan. Advisory Board of the Imperial Council of Agricultural Research Mr. Aitchison Was On Tour For Days tined grubber.', 'W. L Attendance Advisory Board of the Imperial Council of Agricultural Research. W. L Attendance Advisory Board of the Imperial Council of Agricultural Research. W. L Attendance Advisory Board of the Imperial Council of Agricultural Research. W. L Attendance Advisory Board of the Imperial Council of Agricultural Research. W. L Attendance Advisory Board of the Imperial Council of Agricultural Research. W. L Attendance Advisory Board of the Imperial Council of Agricultural Research. W. L Charge Of department. W. L Charge Of department. W. L Charge Of department. W. L Inspected 1-1000 dilutions of blood-sera. W. L Attendance Annual Cattle Show.', 'general Abstract Of Advisory Board of the Imperial Council of Agricultural Research.']","agricultural, advisory, council, research, imperial, board, of, allunion"
24,45,24_sundaicus_sunlight_strong_upon,"['sundaicus', 'sunlight', 'strong', 'upon', 'action', 'temperature', 'sand', 'air', 'fleas', 'exposed']","['A. sundaicus After A case.', 'A. sundaicus Action Of Strong Sunlight Upon A. sundaicus. A. sundaicus Kept In A Fairly Dark And Cool Room A. sundaicus.', 'fleas Action Of Strong Sunlight Upon A. sundaicus.']","sundaicus, sunlight, strong, upon, action, temperature, sand, air"
25,43,25_weeks_march_december_free,"['weeks', 'march', 'december', 'free', 'one', 'for', 'months', 'in', 'syngami', 'and']","['A plague hospital Free For Weeks In March ; One In December ; And For j. A plague hospital Free For Weeks In March ; One In December ; And For j.', '3 c.c.) doses Free For Weeks In March ; One In December ; And For months.', 'd Free For Weeks In March ; One In December ; And For j. d Free For Weeks In March ; One In December ; And For february. d Free For Weeks In March ; One In December ; And For march. d Free For Weeks In March ; One In December ; And For april.']","weeks, march, december, free, one, for, months, in"
26,41,26_ventilator_barred_grunthal_absconded,"['ventilator', 'barred', 'grunthal', 'absconded', 'completion', 'but', 'angina', 'pectoris', 'before', 'improved']","['barred ventilator Condition Much Improved barred ventilator.', 'barred ventilator Recovered barred ventilator. barred ventilator Recovered barred ventilator. Air temperature I B. Grunthal barred ventilator. Air temperature I B. Grunthal barred ventilator. Air temperature Demonstrates Delay Both In Reduction And Recovery Of Respiratory Property In Hæmoglobin general. barred ventilator Reduced barred ventilator. barred ventilator Ditto Lost barred ventilator.', 'barred ventilator Improved But Absconded Before Completion Of Treatment barred ventilator. barred ventilator Improved But Absconded Before Completion Of Treatment barred ventilator. barred ventilator Improved But Absconded Before Completion Of Treatment barred ventilator. barred ventilator Improved But Absconded Before Completion Of Treatment barred ventilator. barred ventilator Improved But Absconded Before Completion Of Treatment barred ventilator. barred ventilator Improved But Absconded Before Completion Of Treatment barred ventilator. barred ventilator Improved But Absconded Before Completion Of Treatment barred ventilator. needle Received From needle. needle Received From needle. barred ventilator Affects On The System Sooner Than barred ventilator. barred ventilator Affects On The System Sooner Than barred ventilator. salt solution Bottle salt solution. salt solution Bottle salt solution. Angina Pectoris Still In The Same Precarious State ; There Has Been Some Angina Pectoris. Angina Pectoris Still In The Same Precarious State ; There Has Been Some Angina Pectoris. canula Inserted canula. Air temperature Rectum Acute Enteritis. Angina Pectoris Feebly Flickering Angina Pectoris. Angina Pectoris Began Beating Again Angina Pectoris. barred ventilator Begun Again barred ventilator. right vagus All Under right vagus. right carotid Ligatured right carotid. general Added In Each Tube manometer.']","ventilator, barred, grunthal, absconded, completion, but, angina, pectoris"
27,39,27_men_physique_appearance_general,"['men', 'physique', 'appearance', 'general', 'keepers', 'visited', 'buttons', 'collar', 'gilt', 'night']","['general General Appearance And Physique Of The Men general. general General Appearance And Physique Of The Men general. general General Appearance And Physique Of The Men general. general General Appearance And Physique Of The Men general. general General Appearance And Physique Of The Men lachrama. general General Appearance And Physique Of The Men lachrama.', 'men General Appearance And Physique Of The Men j. men General Appearance And Physique Of The Men Allahabad.', 'disease General Appearance And Physique Of The Men men.']","men, physique, appearance, general, keepers, visited, buttons, collar"
28,39,28_paying_fuud_malutenanee_patients,"['paying', 'fuud', 'malutenanee', 'patients', 'for', 'rs', 'indian', 'mental', 'rates', 'malee']","['c Malutenanee Fuud For Paying Patients day.', '3 c.c.) doses Malutenanee Fuud For Paying Patients Lab_value.', 'c Malutenanee Fuud For Paying Patients c.']","paying, fuud, malutenanee, patients, for, rs, indian, mental"
29,38,29_arranging_counting_assist_rats,"['arranging', 'counting', 'assist', 'rats', 'rattus', 'at', 'the', 'plague', 'and', 'hospital']","['A plague hospital 3) Assist At The Arranging And Counting Of The Rats M. rattus. A plague hospital 3) Assist At The Arranging And Counting Of The Rats M. rattus. A plague hospital 3) Assist At The Arranging And Counting Of The Rats M. rattus. A plague hospital 3) Assist At The Arranging And Counting Of The Rats M. rattus. A plague hospital 3) Assist At The Arranging And Counting Of The Rats M. rattus. A plague hospital 3) Assist At The Arranging And Counting Of The Rats M. rattus. A plague hospital 3) Assist At The Arranging And Counting Of The Rats M. rattus. A plague hospital 3) Assist At The Arranging And Counting Of The Rats M. rattus. A plague hospital 3) Assist At The Arranging And Counting Of The Rats M. rattus. A plague hospital 3) Assist At The Arranging And Counting Of The Rats M. rattus. A plague hospital 3) Assist At The Arranging And Counting Of The Rats M. rattus. A plague hospital 3) Assist At The Arranging And Counting Of The Rats M. rattus. A plague hospital 3) Assist At The Arranging And Counting Of The Rats M. rattus. A plague hospital Spread By Direct Personal Infection 48s clothing. A plague hospital Spread By Direct Personal Infection 48s clothing. medical treatment Was Very Popular And Was Very Generally Accepted general. disease Treatment Of Diseases In Villages persons. disease Was Due In Most Cases To Human Agency human agency.', 'M. rattus 3) Assist At The Arranging And Counting Of The Rats men. M. rattus 3) Assist At The Arranging And Counting Of The Rats men. A plague hospital 3) Assist At The Arranging And Counting Of The Rats All animals.', 'disease 3) Assist At The Arranging And Counting Of The Rats M. rattus. disease 3) Assist At The Arranging And Counting Of The Rats M. rattus. disease 3) Assist At The Arranging And Counting Of The Rats M. rattus. disease 3) Assist At The Arranging And Counting Of The Rats M. rattus. disease 3) Assist At The Arranging And Counting Of The Rats men.']","arranging, counting, assist, rats, rattus, at, the, plague"
30,37,30_ameer_hossein_hsenwi_affection,"['ameer', 'hossein', 'hsenwi', 'affection', 'severe', 'hsipaw', 'description', 'pest', 'south', 'nderpest']","['Ameer Hossein Due To Severe Outbreak Of Captain Illington. Ameer Hossein Due To Severe Outbreak Of birbutia. Ameer Hossein Due To Severe Outbreak Of Amherst Districts. Algerian cattle Attack pest.', 'Ameer Hossein Act As A Demulcent, Expectorant And Laxative Ameer Hossein. Ameer Hossein Amount Of Dysphagia Ameer Hossein. Ameer Hossein Cost Of Medicines And Instruments And Disinfectants 35.25 per cent) had reduction times of min. and over.', 'birbutia Cost Of Ameer Hossein. medicines Cost Of Ameer Hossein. A malner Cost Of Ameer Hossein. Entally hospital Cost Of Ameer Hossein.']","ameer, hossein, hsenwi, affection, severe, hsipaw, description, pest"
31,37,31_inch_eight_an_lasted,"['inch', 'eight', 'an', 'lasted', 'hours', 'attack', 'inversion', 'of', 'autopsies', 'made']","['eight of an inch 2s eight of an inch.', 'eight of an inch Reduced eight of an inch. eight of an inch Always Greater Than eight of an inch. eight of an inch Containing Less Than Per Cent milk stage. inversion Greater Than eight of an inch.', 'eight of an inch Pay. Rs eight of an inch. eight of an inch Pay. Rs eight of an inch. eight of an inch Pay. Rs eight of an inch. eight of an inch 1) Prepare The Disinfecting Solutions To Be Used During The Day eight of an inch.']","inch, eight, an, lasted, hours, attack, inversion, of"
32,37,32_cholerastricken_pilgrims_from_bengal,"['cholerastricken', 'pilgrims', 'from', 'bengal', 'round', 'ganja', 'bombay', 'generation', '16th', 'assam']","['Bengal round ganja Cholerastricken Pilgrims From west. Bengal round ganja Cholerastricken Pilgrims From west. Bhang Is Available For 16th generation Assam culture. Bengal round ganja Cholerastricken Pilgrims From States of Rajputana.', 'disease Cholerastricken Pilgrims From pargan. disease Cholerastricken Pilgrims From Meiktila Districts. disease Cholerastricken Pilgrims From Minbu. Algerian cattle Cholerastricken Pilgrims From pargan.', 'Bengal round ganja Cholerastricken Pilgrims From tined grubber. Bengal round ganja Cholerastricken Pilgrims From tined grubber. Bengal round ganja Cholerastricken Pilgrims From tined grubber. Bhang Cholerastricken Pilgrims From j. Bhang Cholerastricken Pilgrims From j. Bhang Cholerastricken Pilgrims From birbutia. Bhang Cholerastricken Pilgrims From birbutia. Bhang Cholerastricken Pilgrims From 2nd nagpada kamathlpura.']","cholerastricken, pilgrims, from, bengal, round, ganja, bombay, generation"
33,37,33_alexandria_train_according_classified,"['alexandria', 'train', 'according', 'classified', 'petri', 'held', 'preliminary', 'liable', 'fine', 'plate']","['disease Spread Alexandria. disease Spread Alexandria.', 'Alexandria Bombay Alexandria. Alexandria Pay. Rs Rs. Alexandria Despatched From The Nasik Camp To Peshawar Alexandria.', 'Alexandria Intact With Alexandria.']","alexandria, train, according, classified, petri, held, preliminary, liable"
34,36,34_tracts_agency_mills_after,"['tracts', 'agency', 'mills', 'after', 'jute', 'licensed', 'pence', 'set', 'fillies', 'rs']","['Agency Tracts After c. Agency Tracts After c. Agency Tracts After c. Agency Tracts After c. Agency Tracts After c. Agency Tracts After c. Agency Tracts After c. Agency Tracts After c. Agency Tracts After 28 fatal. Agency Tracts After 28 fatal. Agency Tracts After 28 fatal. 2nd grade Veterinary Assistant Abstract Of c. 2nd grade Veterinary Assistant Abstract Of c. shillong Printed At assam government press. shillong Printed At assam government press.', 'Agency Tracts After two. Agency Tracts After two.', 'Agency Tracts Indian Agency Tracts. Agency Tracts Indian Agency Tracts. Agency Tracts Indian Agency Tracts. Agency Tracts Indian Agency Tracts.']","tracts, agency, mills, after, jute, licensed, pence, set"
35,36,35_pyapo_while_increase_returned,"['pyapo', 'while', 'increase', 'returned', 'satisfactory', 'cases', 'very', 'district', 'success', 'successful']","['general While Pyapo N District Returned The Very Satisfactory Increase Of Cases success.', 'Cost of each Successful Case While Pyapo N District Returned The Very Satisfactory Increase Of Cases per. Cost of each Successful Case While Pyapo N District Returned The Very Satisfactory Increase Of Cases per. secondary While Pyapo N District Returned The Very Satisfactory Increase Of Cases per.', 'v - g While Pyapo N District Returned The Very Satisfactory Increase Of Cases general.']","pyapo, while, increase, returned, satisfactory, cases, very, district"
36,34,36_accomplished_ccination_are_coreference,"['accomplished', 'ccination', 'are', 'coreference', 'thans', 'nation', 'nated', 'by', 'persons', 'protection']","['v - g Ccination persons.', 'v - g Are Accomplished By Agra-Meerut. v - g Are Accomplished By Jamkhandi. v - g Are Accomplished By Sa ngli. v - g Are Accomplished By j. N Are Accomplished By Cost of each Successful Case.', 'v - g Are Accomplished By than.']","accomplished, ccination, are, coreference, thans, nation, nated, by"
37,34,37_fallopian_tubes_whom_supplied,"['fallopian', 'tubes', 'whom', 'supplied', 'boiled', 'shaken', 'am', 'pm', 'arm', 'method']","['Fallopian tubes Collected In Fallopian tubes.', 'Fallopian tubes Arm Method Fallopian tubes.', 'Fallopian tubes Cost Of Fallopian tubes.']","fallopian, tubes, whom, supplied, boiled, shaken, am, pm"
38,34,38_atoxyl_administered_arsenious_acid,"['atoxyl', 'administered', 'arsenious', 'acid', 'arsenic', 'antimony', 'infusion', 'cc', 'emetic', 'arsenate']","['arsenious acid Arsenic atoxyl. arsenious acid Administered atoxyl. atoxyl Arsenic arsenious acid.', '19th Administered gms Arsenious Acid. 13th Administered c.c. Atoxyl. 17th Administered c.c. Atoxyl. 11th day Administered gms Arsenious Acid. 1st day c.c Administered Atoxyl. 1st October Administered gm Arsenious Acid. general Blood Examination Of The Person Infected Anaplasma marginale Theiler. 15 c.c.) doses Administered gms Arsenious Acid. 5 c.c.) doses Administered c.c. Atoxyl. 28 fatal Administered c.c. Atoxyl. 3 c.c.) doses Administered gm Arsenious Acid.', 'Arsenious Acid Administered 3 c.c.) doses. Arsenious Acid Administered 3 c.c.) doses. Arsenious Acid Administered 3 c.c.) doses. Arsenious Acid Administered 15 c.c.) doses. Arsenious Acid Administered 15 c.c.) doses. Arsenious Acid Administered 15 c.c.) doses. Atoxyl Administered 28 fatal. Atoxyl Administered 28 fatal. Atoxyl Administered 17th c.c. Atoxyl Administered 17th c.c. Atoxyl Administered 1st day c.c. Atoxyl Administered 1st day c.c. Atoxyl Administered 13th c.c. Atoxyl Administered 13th c.c. Atoxyl Administered 5 c.c.) doses. Atoxyl Administered 5 c.c.) doses. Anaplasma marginale Theiler Blood Examination Of The Person Infected AYRSHIRE-SINDHI COW No. Anaplasma marginale Theiler Blood Examination Of The Person Infected AYRSHIRE-SINDHI COW No. Arsenious Acid Administered 1st October. Arsenious Acid Administered 1st October. Arsenious Acid Administered 19th gms. Arsenious Acid Administered 19th gms. Arsenious Acid Administered 11th day gms. Arsenious Acid Administered 11th day gms. Arsenious Acid Administered 1st day gm. Arsenious Acid Administered 28 fatal. general Fed Well two.']","atoxyl, administered, arsenious, acid, arsenic, antimony, infusion, cc"
39,33,39_express_inspect_opinion_will,"['express', 'inspect', 'opinion', 'will', 'only', 'an', 'on', 'labvalue', 'and', 'divisions']","['Baby Week celebrations V. O. Will Only Inspect And Express An Opinion On A per.', 'W. L V. O. Will Only Inspect And Express An Opinion On A 2nd nagpada kamathlpura.', 'A plague hospital V. O. Will Only Inspect And Express An Opinion On A A case.']","express, inspect, opinion, will, only, an, on, labvalue"
40,32,40_bombay_press_printed_presidency,"['bombay', 'press', 'printed', 'presidency', 'central', 'government', 'admitted', 'observatory', 'into', 'printing']","['bombay Printed At The Central Press central press.', 'bombay Printed At The Government Central Press central press. bombay Printed At The Government Central Press central press. bombay Printed At The Government Central Press central press. bombay Printed At The Government Central Press central press. bombay Printed At The Government Central Press central press. bombay Printed At The Government Central Press central press. bombay Printed At The Government Central Press central press. bombay Printed At The Government Central Press central press. bombay Printed At The Government Central Press central press. bombay Printed At The Government Central Press central press. bombay Chaudhry Ghulam Qadir, Marketing Officer, Was Appointed Superintendent In An Officiating Capacity government printing. bombay Chaudhry Ghulam Qadir, Marketing Officer, Was Appointed Superintendent In An Officiating Capacity stationery.', 'central press At bombay.']","bombay, press, printed, presidency, central, government, admitted, observatory"
41,32,41_tour_aitchison_mr_days,"['tour', 'aitchison', 'mr', 'days', 'day', 'was', 'miles', 'for', 'on', 'travelled']","['Ameer Hossein Mr. Aitchison Was On Tour For Days day. African grass Mr. Aitchison Was On Tour For Days day.', 'day Mr. Aitchison Was On Tour For Days Argyle Road. day Mr. Aitchison Was On Tour For Days Argyle Road. day Mr. Aitchison Was On Tour For Days Argyle Road. day Mr. Aitchison Was On Tour For Days Abdool Majid Khan. day Mr. Aitchison Was On Tour For Days Babu Hem Chandra Sen held charge of the Gauhati Circle during the year under report. He was on tour.', 'W. L Mr. Aitchison Was On Tour For Days day. W. L Mr. Aitchison Was On Tour For Days day. W. L Mr. Aitchison Was On Tour For Days day. W. L Mr. Aitchison Was On Tour For Days day. W. L Mr. Aitchison Was On Tour For Days day. W. L Mr. Aitchison Was On Tour For Days day. W. L Mr. Aitchison Was On Tour For Days day. W. L Mr. Aitchison Was On Tour For Days day. W. L Mr. Aitchison Was On Tour For Days day. W. L Mr. Aitchison Was On Tour For Days day. W. L Mr. Aitchison Was On Tour For Days day. W. L Mr. Aitchison Was On Tour For Days day. W. L Mr. Aitchison Was On Tour For Days day. W. L Mr. Aitchison Was On Tour For Days day. W. L Mr. Aitchison Was On Tour For Days day. W. L Mr. Aitchison Was On Tour For Days day. W. L Mr. Aitchison Was On Tour For Days day. W. L Mr. Aitchison Was On Tour For Days day. A. Ramachandra Ayyar Spent day. A. Ramachandra Ayyar Spent day. A. Ramachandra Ayyar Spent day. A. Ramachandra Ayyar Spent day. A. Ramachandra Ayyar Time Required For Inspection 2nd grade Veterinary Assistant. A. Ramachandra Ayyar Time Required For Inspection 2nd grade Veterinary Assistant. W. L Time Required For Inspection 2nd grade Veterinary Assistant.']","tour, aitchison, mr, days, day, was, miles, for"
42,32,42_healthy_vessels_portion_villous,"['healthy', 'vessels', 'portion', 'villous', 'cuticular', 'presents', 'normal', 'colour', 'is', 'urethritis']","['Healthy vessels Cuticular Portion Healthy, The Villous Portion Is Normal In Colour, And Presents patients. 96.7 per cent 1st Class Vaccinators persons.', 'Healthy vessels Cuticular Portion Healthy, The Villous Portion Is Normal In Colour, And Presents 96.7 per cent.', 'Chronic Urethritis Cuticular Portion Healthy, The Villous Portion Is Normal In Colour, And Presents Healthy vessels. Chronic Urethritis Cuticular Portion Healthy, The Villous Portion Is Normal In Colour, And Presents Healthy vessels. Chronic Urethritis Cuticular Portion Healthy, The Villous Portion Is Normal In Colour, And Presents Healthy vessels. Chronic Urethritis Cuticular Portion Healthy, The Villous Portion Is Normal In Colour, And Presents Healthy vessels. Chronic Urethritis Cuticular Portion Healthy, The Villous Portion Is Normal In Colour, And Presents Healthy vessels. mouth disease Base-orange Exudation A dark room. mouth disease Base-orange Exudation A dark room. Angina Pectoris Cuticular Portion Healthy, The Villous Portion Is Normal In Colour, And Presents Healthy vessels. Angina Pectoris Cuticular Portion Healthy, The Villous Portion Is Normal In Colour, And Presents Healthy vessels. spots Action Of The Alkaloids Of The Papaveraceae Upon The Isolated Frog S Healthy vessels. body Well-nourished Absent. Air temperature Ranged Between And F. From May 4th To Th Absent. Abbe refractometer Bright Healthy vessels. barred ventilator Had A Musty Smell Healthy vessels. motions Base-orange Exudation Healthy vessels. lips A Diffuse Red Colour, With Generally Mulberry-coloured (hâemorrhagic) Spots Healthy vessels. face Pale Healthy vessels. Acute Enteritis Loose Healthy vessels. Abscess of Liver (multiple All Attempts At Artificial Cultivation Of Have As Yet Failed To Give Absent. subcutaneous Moist Healthy vessels. 1st Class Congested Healthy vessels.']","healthy, vessels, portion, villous, cuticular, presents, normal, colour"
43,29,43_peritonitis_6th_died_day,"['peritonitis', '6th', 'died', 'day', '6co', 'on', 'compulsory', 'spicule', 'irons', 'the']","['two Died On The 6th Day Peritonitis 6co.', 'W. L Died On The 6th Day Peritonitis 4 fatal. W. L Died On The 6th Day Peritonitis two.', 'W. L Died On The 6th Day Peritonitis 6co.']","peritonitis, 6th, died, day, 6co, on, compulsory, spicule"
44,29,44_castrations_accomplished_burdizzo_cast,"['castrations', 'accomplished', 'burdizzo', 'cast', 'are', 'castrator', 'bullock', 'by', 'piroplasmosis', 'castrated']","['cast Are Accomplished By castrations. cast Are Accomplished By castrations.', 'castrations Are Accomplished By A bullock suffering from Piroplasmosis. castrations Are Accomplished By A bullock suffering from Piroplasmosis. castrations Are Accomplished By A bullock suffering from Piroplasmosis. castrations Are Accomplished By A bullock suffering from Piroplasmosis. castrations Are Accomplished By A bullock suffering from Piroplasmosis. castrations Are Accomplished By A bullock suffering from Piroplasmosis. castrations Are Accomplished By A bullock suffering from Piroplasmosis. castrations Are Accomplished By A bullock suffering from Piroplasmosis. treated for contagious diseases For non - contagious diseases.', 'castrations Are Accomplished By 96.7 per cent. castrations Are Accomplished By 96.7 per cent. castrations Are Accomplished By 96.7 per cent.']","castrations, accomplished, burdizzo, cast, are, castrator, bullock, by"
45,29,45_riding_encouraged_reasons_been,"['riding', 'encouraged', 'reasons', 'been', 'two', 'has', 'for', 'inspector', 'medical', 'tha']","['v - g Riding Has Been Encouraged For Two Reasons cast.', 'Hoosain Shah Riding Has Been Encouraged For Two Reasons I.0. W. L Riding Has Been Encouraged For Two Reasons I.0.', 'A Medical Inspector Riding Has Been Encouraged For Two Reasons A Medical Inspector. A Medical Inspector Riding Has Been Encouraged For Two Reasons A Medical Inspector. A Medical Inspector Riding Has Been Encouraged For Two Reasons A Medical Inspector. Captain Grantham Riding Has Been Encouraged For Two Reasons A Medical Inspector. glanders Due To Severe Outbreak Of Remount Depo t. Commandant Riding Has Been Encouraged For Two Reasons A Medical Inspector. 2nd grade Veterinary Assistant Should Be Appointed To Depo t.']","riding, encouraged, reasons, been, two, has, for, inspector"
46,28,46_camp_graze_limits_within,"['camp', 'graze', 'limits', 'within', 'allowed', 'camps', 'the', 'to', 'houses', 'followers']","['imperial Allowed To Graze Within The Limits Of The Camp Afghanistan.', 'camp Shall Be Deemed To Be A Place Of Observation Within The Meaning place of observation. number of visitors Allowed To Graze Within The Limits Of The Camp camp. visitors Allowed To Graze Within The Limits Of The Camp camp. visitor or pass-holder Allowed To Graze Within The Limits Of The Camp camp. visitor Allowed To Graze Within The Limits Of The Camp camp. permanent pass-holders Allowed To Graze Within The Limits Of The Camp camp. person or persons Allowed To Graze Within The Limits Of The Camp camp.', 'Dhakji Purbhu s Wadi Allowed To Graze Within The Limits Of The Camp camp. Belvedere Road Evacuated To Wari Bunder Camp camp. Ambewadi Allowed To Graze Within The Limits Of The Camp camp. pargan Allowed To Graze Within The Limits Of The Camp camp. pargan Came To Wari Bunder Camp camp. houses Advised To Evacuate houses. daughter Fell Sick And Died Also Of A plague hospital. 1) Hoplocephalus curtus, (2) Echis carinata, (3) Trimeresurus gramineus and (4) Crotalus adamanteus Allowed To Graze Within The Limits Of The Camp camp. d Allowed To Graze Within The Limits Of The Camp camp. A plague hospital Accompanied By Breaking Down sheds. 2nd nagpada kamathlpura Persuaded To Come To Wari Bunder Camp camp. Argyle Road Allowed To Graze Within The Limits Of The Camp camp. N Allowed To Graze Within The Limits Of The Camp water-supply and drain village sites.']","camp, graze, limits, within, allowed, camps, the, to"
47,27,47_excluding_towns_municipal_district,"['excluding', 'towns', 'municipal', 'district', 'lunatics', 'criminal', 'farcy', 'both', 'districts', 'glanders']","['glanders District Excluding Municipal Towns birbutia. glanders District Excluding Municipal Towns birbutia. glanders District Excluding Municipal Towns tined grubber. glanders District Excluding Municipal Towns tined grubber. farcy District Excluding Municipal Towns c. farcy District Excluding Municipal Towns tined grubber. farcy District Excluding Municipal Towns N. farcy District Excluding Municipal Towns Benares. glanders District Excluding Municipal Towns d. glanders District Excluding Municipal Towns c. glanders District Excluding Municipal Towns Benares.', 'general District Excluding Municipal Towns general.', 'N District Excluding Municipal Towns j.']","excluding, towns, municipal, district, lunatics, criminal, farcy, both"
48,27,48_bowels_oz_freely_till,"['bowels', 'oz', 'freely', 'till', 'twice', 'opened', 'day', 'are', 'doses', 'length']","['2nd nagpada kamathlpura Oz. Doses Twice A Day Till Bowels Are Freely Opened Abyssinia.', 'lactation Oz. Doses Twice A Day Till Bowels Are Freely Opened day.', 'march Oz. Doses Twice A Day Till Bowels Are Freely Opened day. march Oz. Doses Twice A Day Till Bowels Are Freely Opened Contagious Disease Act was in operation.']","bowels, oz, freely, till, twice, opened, day, are"
49,25,49_dark_room_color_description,"['dark', 'room', 'color', 'description', 'urethritis', 'plotosus', 'signsymptom', 'diagnosticprocedure', 'chronic', 'pectoris']","['A dark room Description Of Color. A dark room Description Of Color. A dark room Description Of Color. A dark room Description Of Color. A dark room Description Of Color. A dark room Description Of Color. A dark room Description Of Color. A dark room Description Of Color. A dark room Description Of Color. general Property general. general Property general. general Property general. pale purple Description Of Color. concentrated Property general. crystalline flakes After general. light purple Description Of Color. crystals After Sign_symptom. bright purple Description Of Color. pure Property general. blue Property Sign_symptom. African grass Description Of Color.', 'A dark room DUE TO paralysis. A dark room DUE TO leprosy. A dark room Control Of Chronic Urethritis. A dark room Useful In Diabetes Chronic Urethritis.', 'A dark room Spread A dark room. A dark room Distribution Of A dark room.']","dark, room, color, description, urethritis, plotosus, signsymptom, diagnosticprocedure"
50,25,50_gained_weight_lbs_required,"['gained', 'weight', 'lbs', 'required', 'akbar', 'th', 'rudraya', 'period', 'khan', 'neutralise']","['Gained weight Had Lost Weight In Jail Gained weight. Gained weight Had Gained Weight In Jail Gained weight.', 'Gained weight As Required Lbs Gained weight. Gained weight As Required Lbs Gained weight. Gained weight As Required Lbs Gained weight. Gained weight As Required Lbs Gained weight. Gained weight As Required Lbs Gained weight. Gained weight As Required Lbs Gained weight. Gained weight As Required Lbs Gained weight. Gained weight As Required Lbs Gained weight. Gained weight As Required Lbs Gained weight. Gained weight As Required Lbs Gained weight. Gained weight As Required Lbs Gained weight. Gained weight As Required Lbs Gained weight. Gained weight As Required Lbs Gained weight. Admission and Discharge Book Admitted Into Gained weight. Admission and Discharge Book Admitted Into Gained weight. Admission and Discharge Book Admitted Into Gained weight. discharge Discharged Gained weight.', 'general After Gained weight.']","gained, weight, lbs, required, akbar, th, rudraya, period"
51,25,51_promotion_major_accelerated_captain,"['promotion', 'major', 'accelerated', 'captain', 'period', 'from', 'general', 'to', 'medullation', 'establishment']","['establishment Accelerated Promotion Period From Captain To Major Darjeeling Circle. inspectors Accelerated Promotion Period From Captain To Major American Consul General in Calcutta.', 'j Accelerated Promotion Period From Captain To Major c.', 'population Accelerated Promotion Period From Captain To Major general. Agency Tracts Accelerated Promotion Period From Captain To Major general. Absent Addition To The Number general.']","promotion, major, accelerated, captain, period, from, general, to"
52,24,52_quinine_did_regularly_take,"['quinine', 'did', 'regularly', 'take', 'qi', 'aqa', 'ya', 'not', 'abyssinia', 'hmosozic']","['Aqa qi ya Did Not Take Quinine Regularly Aqa qi ya. Aqa qi ya Did Not Take Quinine Regularly Aqa qi ya. Aqa qi ya Did Not Take Quinine Regularly Aqa qi ya. Aqa qi ya Did Not Take Quinine Regularly Aqa qi ya. Aqa qi ya Did Not Take Quinine Regularly Aqa qi ya. Aqa qi ya Did Not Take Quinine Regularly Aqa qi ya. persons Possible Subjects Of blackquarter serum. B.W.F. corpuscles R. Could Hardly Be Felt, Small, Very Weak And Thready B.W.F. corpuscles. Anti-Malarial Operations at Mian Mir Effect On B.W.F. corpuscles.', 'Abyssinia Did Not Take Quinine Regularly Aqa qi ya. Abyssinia Did Not Take Quinine Regularly Aqa qi ya. Abyssinia Did Not Take Quinine Regularly Aqa qi ya. Abyssinia Did Not Take Quinine Regularly Aqa qi ya. Abyssinia Did Not Take Quinine Regularly Aqa qi ya. Abyssinia Did Not Take Quinine Regularly Aqa qi ya. Abyssinia Did Not Take Quinine Regularly Aqa qi ya. Abyssinia Did Not Take Quinine Regularly Aqa qi ya. Abyssinia Did Not Take Quinine Regularly Aqa qi ya. Abyssinia Did Not Take Quinine Regularly Aqa qi ya. free extract per cent cao per cent Blood Examination Of The Person Infected B.W.F. corpuscles.', 'tetanus Did Not Take Quinine Regularly Aqa qi ya. tetanus Did Not Take Quinine Regularly Aqa qi ya.']","quinine, did, regularly, take, qi, aqa, ya, not"
53,23,53_november_october_th_5th,"['november', 'october', 'th', '5th', 'battery', 'drought', 'to', 'meeting', 'transfer', 'dadms']","['day 5th October To Th November battery of artillery.', 'Healthy vessels 5th October To Th November group. A malner 5th October To Th November group.', 'c Were In c. c 5th October To Th November c.']","november, october, th, 5th, battery, drought, to, meeting"
54,22,54_balfour_botany_manual_inguinal,"['balfour', 'botany', 'manual', 'inguinal', 'right', 'femoral', 'cervical', 'axillary', 'buboes', 'multiple']","['right axilla Balfour S Manual Of Botany Bubo absorbed. right iliac Balfour S Manual Of Botany Severe pain. right ear Balfour S Manual Of Botany Bubo opened. right femoral Balfour S Manual Of Botany Right Femoral and inguinal. inguinal Balfour S Manual Of Botany Left Inguinal.', 'parotid Balfour S Manual Of Botany multiple. r. inguinal Balfour S Manual Of Botany multiple. l. axillary Balfour S Manual Of Botany multiple. l. femoral Balfour S Manual Of Botany multiple. r. axillary Balfour S Manual Of Botany multiple. cervical i Balfour S Manual Of Botany multiple. l. inguinal Balfour S Manual Of Botany multiple. r. femoral Balfour S Manual Of Botany multiple. general Balfour S Manual Of Botany multiple. Abyssinia Aggregate Mortality Of I.0.', 'right inguinal Balfour S Manual Of Botany left cervical. right inguinal Balfour S Manual Of Botany multiple. right inguinal Balfour S Manual Of Botany right parotid. right inguinal Balfour S Manual Of Botany right femoral. right inguinal Balfour S Manual Of Botany no Buboes. right inguinal Balfour S Manual Of Botany left axilla. right inguinal Balfour S Manual Of Botany left parotid. right inguinal Balfour S Manual Of Botany left femoral. right inguinal Balfour S Manual Of Botany right cervical.']","balfour, botany, manual, inguinal, right, femoral, cervical, axillary"
55,21,55_vagus_irritation_right_left,"['vagus', 'irritation', 'right', 'left', 'coil', 'entire', 'atropine', 'electrical', 'needle', 'thrusting']","['ligature The Right Vagus right vagus. ligature The Right Vagus right vagus. irritation Central End Of Right Vagus When Dog Well Under, But Not In central end of right vagus. irritation Artificial Pupil Formed AYRSHIRE-SINDHI COW No. irritation Central End Of The Cat Vagus cat vagus. subcutaneous Anus anus.', 'peripheral end Irritation Of the peripheral end of the right vagus. right vagus Ligature And Division Of the right vagus. right vagus Irritation Of the right vagus. right vagus As For Fig the right vagus. right carotid artery Clamping the right carotid artery.', 'peripheral end Irritation right vagus. right vagus Ligatured right vagus. right vagus Electrical Irritation right vagus. right vagus Mechanical Irritation right vagus. right vagus Intact With right vagus.']","vagus, irritation, right, left, coil, entire, atropine, electrical"
56,21,56_goods_manufactured_store_materials,"['goods', 'manufactured', 'store', 'materials', 'asylum', 'raw', 'rs', 'value', 'end', 'purposes']","['manufactured goods Value Of Manufactured Goods Made Over To Asylum For Asylum Purposes Rs a. p. raw materials Value Of Raw Materials In The Store At The End Of The Rs. a. p. African grass Value Of Plant And Machinery In Store At The End Of The Rs. a. p.', 'manufactured goods Value Of Manufactured Goods Made Over To Asylum For Asylum Purposes Rs. manufactured goods Value Of Manufactured Goods Made Over To Asylum For Asylum Purposes Rs. raw materials Value Of Raw Materials In Store At The End Of The Year Rs. raw materials Value Of Raw Materials In Store At The End Of The Year Rs.', 'manufactured goods Value Of Manufactured Goods Made Over To Asylum For Asylum Purposes Rs. manufactured goods Value Of Manufactured Goods Made Over To Asylum For Asylum Purposes Rs. raw materials Value Of Raw Materials In Store On 1st January Rs. raw materials Value Of Raw Materials In Store On 1st January Rs. manufactured goods Value Of Manufactured Goods In Store At The End Of The Year Rs. manufactured goods Value Of Manufactured Goods In Store On 1st January Rs. raw materials Value Of Raw Materials In Store At The End Of The Year Rs.']","goods, manufactured, store, materials, asylum, raw, rs, value"
57,21,57_women_unregistered_contracted_afghanistan,"['women', 'unregistered', 'contracted', 'afghanistan', 'disease', 'venereal', 'unlicensed', 'who', 'cantonments', 'from']","['Afghanistan Disease unregistered women.', 'Afghanistan Contracted From unregistered women.', 'unregistered women Disease Afghanistan. unregistered women Disease Afghanistan. unregistered women Disease Afghanistan. unlicensed women All Attempts At Artificial Cultivation Of Have As Yet Failed To Give disease.']","women, unregistered, contracted, afghanistan, disease, venereal, unlicensed, who"
58,21,58_illington_captain_vis_ultimate,"['illington', 'captain', 'vis', 'ultimate', 'alleged', 'expression', 'complication', 'cause', 'spotting', 'amentia']","['Captain Illington Cause (alleged Aden ulcers. Captain Illington Cause (alleged swollen. Captain Illington Cause (alleged solid.', 'Captain Illington Effect On B.W.F. corpuscles.', 'insanity After Treatment Captain Illington.']","illington, captain, vis, ultimate, alleged, expression, complication, cause"
59,21,59_6co_imprisonment_months_dark,"['6co', 'imprisonment', 'months', 'dark', 'room', 'rupee', 'clastic', 'freeze', 'limiting', 'model']","['6co Extends Over A Period Of 6co.', '6co Vaccine Operations Were Carried On For 6co.', 'general Do 6co.']","6co, imprisonment, months, dark, room, rupee, clastic, freeze"
60,20,60_miles_travelled_road_rail,"['miles', 'travelled', 'road', 'rail', 'he', 'argyle', 'by', 'mr', 'annada', 'mohan']","['Argyle Road He Travelled Miles By Rail And Miles By Road miles. Argyle Road He Travelled Miles By Rail And Miles By Road miles. Argyle Road He Travelled Miles By Rail And Miles By Road miles. Argyle Road He Travelled Miles By Rail And Miles By Road miles. Argyle Road He Travelled Miles By Rail And Miles By Road miles. Argyle Road He Travelled Miles By Rail And Miles By Road miles. Argyle Road He Travelled Miles By Rail And Miles By Road miles. Argyle Road Mr. Aitchison Was On Tour For Days day. Argyle Road Mr. Aitchison Was On Tour For Days day. Argyle Road Mr. Aitchison Was On Tour For Days day. A. Ramachandra Ayyar Mr. Aitchison Was On Tour For Days Argyle Road.', 'W. L He Travelled Miles By Rail And Miles By Road Argyle Road. W. L He Travelled Miles By Rail And Miles By Road Argyle Road. W. L He Travelled Miles By Rail And Miles By Road Argyle Road. W. L Administration Of The Department A Medical Inspector.', 'pargan He Travelled Miles By Rail And Miles By Road Argyle Road. west He Travelled Miles By Rail And Miles By Road Argyle Road.']","miles, travelled, road, rail, he, argyle, by, mr"
61,19,61_west_abundant_brahmin_private,"['west', 'abundant', 'brahmin', 'private', 'good', 'circle', 'health', 'camp', 'saraswat', 'gaud']","['west It Is Most Prevalent In west. west It Is Most Prevalent In west. west Eastern At Rs. Per Mensem birbutia. west Continued Throughout July months. west August months.', 'west Air west. west Air west.', 'west Has Been Good And Abundant During The Year Abdool Majid Khan. west Has Been Good And Abundant During The Year Abdool Majid Khan. west Has Been Good And Abundant During The Year Darjeeling. west Has Been Good And Abundant During The Year Babu M. L. Dutt. west Has Been Good And Abundant During The Year Rajshahi. west Has Been Good And Abundant During The Year d. west Has Been Good And Abundant During The Year sampati. west Has Been Good And Abundant During The Year birbutia. west Has Been Good And Abundant During The Year Maulvi Karim Baksh Sarkar. west Has Been Good And Abundant During The Year Babu C. H. Sen Gupta. west Has Been Good And Abundant During The Year Maulvi M. A. Khan. west Has Been Good And Abundant During The Year Babu M. R. Sen Gupta. west Age Of Serum Is Abdool Majid Khan.']","west, abundant, brahmin, private, good, circle, health, camp"
62,19,62_hmatozoa_bwf_corpuscles_hmatozoon,"['hmatozoa', 'bwf', 'corpuscles', 'hmatozoon', 'cross', 'absence', 'casts', 'swarming', 'few', 'blood']","['hèmatozoa Swarming B.W.F. corpuscles. hèmatozoa Swarming B.W.F. corpuscles. hèmatozoa Swarming B.W.F. corpuscles. hèmatozoa Swarming B.W.F. corpuscles. petechiæ Improved But Absconded Before Completion Of Treatment conjunctival membranes. petechiæ Improved But Absconded Before Completion Of Treatment conjunctival membranes. petechias Covered By conjunctival membranes. petechias Covered By conjunctival membranes. hèmatozoa Affects The Masses More Than The Wealthy B.W.F. corpuscles. hèmatozoa Absence Of Cross B.W.F. corpuscles. hèmatozoa Absent Or Very Small In Amount And Not Showing Organic Structure B.W.F. corpuscles. petechiæ Improved But Absconded Before Completion Of Treatment conjunctivae.', 'hæmatozoa Absence Of Cross B.W.F. corpuscles. hæmatozoa Absence Of Cross B.W.F. corpuscles. hæmatozoa Absence Of Cross B.W.F. corpuscles. hæmatozoa Absence Of Cross B.W.F. corpuscles. hæmatozoa Absence Of Cross B.W.F. corpuscles. hæmatozoa Absence Of Cross B.W.F. corpuscles. hæmatozoa Absence Of Cross B.W.F. corpuscles. hæmatozoa Absence Of Cross B.W.F. corpuscles. hæmatozoa Absence Of Cross B.W.F. corpuscles. hæmatozoa Absence Of Cross B.W.F. corpuscles. hæmatozoa Absence Of Cross B.W.F. corpuscles. hæmatozoa Absence Of Cross B.W.F. corpuscles. medicine Administered All animals. Air temperature Account For The Falling-off In Work Air temperature.', 'hæmatozoon Absence Of Cross B.W.F. corpuscles. hæmatozoon Absence Of Cross B.W.F. corpuscles. hæmatozoon Absence Of Cross B.W.F. corpuscles. hæmatozoon Absence Of Cross B.W.F. corpuscles. hæmatozoon Absence Of Cross B.W.F. corpuscles. hæmatozoon Absence Of Cross B.W.F. corpuscles. hæmatozoon Absence Of Cross B.W.F. corpuscles. hæmatozoon Absence Of Cross B.W.F. corpuscles. hæmatozoon Absence Of Cross B.W.F. corpuscles. hæmatozoon Absence Of Cross B.W.F. corpuscles. hæmatozoon Absence Of Cross B.W.F. corpuscles. hæmatozoon Absence Of Cross B.W.F. corpuscles. hæmatozoon Absence Of Cross B.W.F. corpuscles. hæmatozoon Absence Of Cross B.W.F. corpuscles. hæmatozoon Absence Of Cross B.W.F. corpuscles. hæmatozoon Absence Of Cross B.W.F. corpuscles. hæmatozoon Absence Of Cross B.W.F. corpuscles. hæmatozoon Absence Of Cross B.W.F. corpuscles. hæmatozoon Absence Of Cross B.W.F. corpuscles. Air temperature Account For The Falling-off In Work C. Air temperature Account For The Falling-off In Work C. Air temperature Account For The Falling-off In Work C. Air temperature Account For The Falling-off In Work C. Air temperature Account For The Falling-off In Work C. Air temperature Account For The Falling-off In Work C. Air temperature Account For The Falling-off In Work C. Air temperature Account For The Falling-off In Work C. Air temperature Account For The Falling-off In Work C. Air temperature Account For The Falling-off In Work C. haematozoon Absence Of Cross B.W.F. corpuscles.']","hmatozoa, bwf, corpuscles, hmatozoon, cross, absence, casts, swarming"
63,18,63_family_setarinae_husband_married,"['family', 'setarinae', 'husband', 'married', 'widower', 'youngest', 'complain', 'abnormality', 'scorbutic', 'weakness']","['swelling Appeared In His Groin Before He Died family setarinae. bubo Symptoms family setarinae. Abyssinia House Searches family setarinae.', 'family setarinae Lost To The Disease family setarinae.', 'family setarinae Disease family setarinae. family setarinae Disease family setarinae. men Disease family setarinae. men 2s wife. family setarinae All Attempts At Artificial Cultivation Of Have As Yet Failed To Give wife.']","family, setarinae, husband, married, widower, youngest, complain, abnormality"
64,18,64_tola_annas_tolas_pies,"['tola', 'annas', 'tolas', 'pies', 'charas', 'pie', 'bhang', 'ganja', 'rs', 'anna']","['All the districts and agencies of the Province Bhang, Tolas, Pies. Ganja, Tola, Annas. Charas, Tola, To Annas c. W. L Bhang, Tolas, Pies. Ganja, Tola, Annas. Charas, Tola, To Annas pie.', 'A malner Bhang, Tolas, Pies. Ganja, Tola, Annas. Charas, Tola, To Annas pie. A malner Bhang, Tolas, Pies. Ganja, Tola, Annas. Charas, Tola, To Annas pie.', 'pie Bhang, Tolas, Pies. Ganja, Tola, Annas. Charas, Tola, To Annas c. pie Bhang, Tolas, Pies. Ganja, Tola, Annas. Charas, Tola, To Annas c. pie Bhang, Tolas, Pies. Ganja, Tola, Annas. Charas, Tola, To Annas c.']","tola, annas, tolas, pies, charas, pie, bhang, ganja"
65,18,65_associated_parturition_lactation_with,"['associated', 'parturition', 'lactation', 'with', 'mania', 'melancholia', 'puerperal', 'puerporal', 'agrameerut', 'insanity']","['parturition Associated With lactation.', 'melancholia Associated With Parturition and lactation (puerperal. melancholia Associated With C. L. ovary. melancholia Associated With year old. mania Associated With Parturition and lactation (puerperal. mania Associated With C. L. ovary. mania Associated With year old.', 'melancholia Associated With lactation. melancholia Associated With lactation. melancholia Associated With lactation. melancholia Associated With parturition. melancholia Associated With parturition. melancholia Associated With parturition. mania Associated With lactation. mania Associated With lactation. mania Associated With parturition.']","associated, parturition, lactation, with, mania, melancholia, puerperal, puerporal"
66,17,66_injury_injuries_head_wounds,"['injury', 'injuries', 'head', 'wounds', 'amount', 'bottle', 'sensation', 'tender', 'position', 'skull']","['injury Head Of head. injury Head Of head.', 'injury Head Of general.', 'rheumatic affections Cases Of affection. fracture Occurred In An Emeute Amongst A Score Of Pathan Sepoys ; The skull. wounds and injuries Great Majority Of Them Of A Trifling Nature A case. febricula Free For Weeks In March ; One In December ; And For Admission and Discharge Book. typhoid fever A Diffuse Red Colour, With Generally Mulberry-coloured (hâemorrhagic) Spots A dark room. Acute Enteritis Ague A case. Acute Enteritis Amount Of Dysphagia A case. Acute Enteritis Was At First Diagnosed As Measles scarlet rash. Abyssinia Free For Weeks In March ; One In December ; And For Admission and Discharge Book.']","injury, injuries, head, wounds, amount, bottle, sensation, tender"
67,16,67_ditto_lost_processes_spinal,"['ditto', 'lost', 'processes', 'spinal', 'livestocks', 'interossei', 'friend', 'soreback', 'loss', 'destruction']","['blackquarter serum Ditto Lost loss.', 'doses Ditto Lost doses.', 'disease Ditto Lost Autopsies were made on.']","ditto, lost, processes, spinal, livestocks, interossei, friend, soreback"
68,16,68_local_agencies_province_fund,"['local', 'agencies', 'province', 'fund', 'districts', 'bodies', 'provincial', 'paid', 'totals', 'previous']","['All the districts and agencies of the Province For two previous years.', 'local Paid From Provincial Or Local Funds fund. All the districts and agencies of the Province Paid From Provincial Or Local Funds fund.', 'All the districts and agencies of the Province Whether Paid From Provincial Or Local Fund local.']","local, agencies, province, fund, districts, bodies, provincial, paid"
69,15,69_employment_previous_patients_fit,"['employment', 'previous', 'patients', 'fit', 'involves', 'of', 'compounders', 'drivers', 'tracts', 'agency']","['patients Previous Employment Of Agency Tracts. patients Previous Employment Of Agency Tracts. patients Previous Employment Of Agency Tracts. patients Previous Employment Of domestic servant. patients Previous Employment Of domestic servant. patients Previous Employment Of cook. patients Previous Employment Of cook. patients Previous Employment Of fisherman. patients Previous Employment Of fisherman. patients Previous Employment Of cultivator. patients Previous Employment Of cultivator. patients Previous Employment Of tea dealer. patients Previous Employment Of painter. patients Previous Employment Of 1) Hoplocephalus curtus, (2) Echis carinata, (3) Trimeresurus gramineus and (4) Crotalus adamanteus. patients Previous Employment Of policeman (constable. patients Previous Employment Of priest. patients Previous Employment Of beggar carpenter. patients Previous Employment Of vagabond weaver. patients Previous Employment Of fitter garden mohorrir goldsmith.', 'patients Previous Employment Of Agra-Meerut. patients Previous Employment Of Agra-Meerut. patients Previous Employment Of Agra-Meerut. patients Previous Employment Of African grass. patients Previous Employment Of African grass. patients Previous Employment Of 2nd nagpada kamathlpura. patients Previous Employment Of 2nd nagpada kamathlpura. patients Previous Employment Of cow. patients Previous Employment Of compounder. patients Previous Employment Of goldsmith. patients Previous Employment Of blacksmith. patients Previous Employment Of peon. patients Previous Employment Of general. patients Previous Employment Of Buffalo No. patients Previous Employment Of d. patients Previous Employment Of 48s clothing. patients Previous Employment Of drummer. patients Previous Employment Of garden muharrir. patients Previous Employment Of military police. patients Previous Employment Of carter. patients Previous Employment Of clerk. patients Previous Employment Of hide beller. patients Previous Employment Of beggar. patients Previous Employment Of coolie. patients Previous Employment Of potter. patients Previous Employment Of branch postmaster. patients Previous Employment Of contractor. patients Previous Employment Of fireman. patients Previous Employment Of carpenter. Criminal Lunatics Admitted Into c.', 'patients Previous Employment Of Absent. patients Previous Employment Of Absent. patients Previous Employment Of Absent. patients Previous Employment Of c. patients Previous Employment Of c. patients Previous Employment Of c. patients Previous Employment Of 1st Class. patients Previous Employment Of 1st Class. patients Previous Employment Of birbutia. patients Previous Employment Of birbutia. patients Previous Employment Of pargan. patients Previous Employment Of pargan. patients Previous Employment Of Labourers. patients Previous Employment Of Public servants. patients Previous Employment Of Professionals. patients Previous Employment Of Shop-keepers. patients Previous Employment Of Priests. patients Previous Employment Of Domestic servants. patients Previous Employment Of Cultivators. patients Previous Employment Of Landlords.']","employment, previous, patients, fit, involves, of, compounders, drivers"
70,15,70_hindus_agrameerut_hindoos_fatality,"['hindus', 'agrameerut', 'hindoos', 'fatality', 'females', 'opposition', 'caste', 'majority', 'muhammadans', 'mortalities']","['Muhammadans Admitted Already Suffering From all Hindus. Other Hindus Have Fatality Rate Of per. all Hindus Have Fatality Rate Of general.', 'hindus Will Be Hindus Of Which Per Cent 1st Class. hindus Containing Less Than Per Cent hindus.', 'c Have Been Entered As Hindus Hindus. c Class 1st Class.']","hindus, agrameerut, hindoos, fatality, females, opposition, caste, majority"
